CREATE DATABASE BD_FILMES;
USE BD_FILMES;

CREATE TABLE FILME(
	ID INT PRIMARY KEY NOT NULL,
	TITULO VARCHAR(100),
	ANO_LANCAMENTO INT,
	DURACAO_MIN INT,
	CLASSIFICACAO_ETARIA VARCHAR(10)
);

CREATE TABLE GENERO(
	ID INT PRIMARY KEY NOT NULL,
	NOME VARCHAR(50)
);

CREATE TABLE ATOR(
	ID INT PRIMARY KEY NOT NULL,
	NOME VARCHAR(100),
	NACIONALIDADE VARCHAR(50),
	DATA_NASCIMENTO DATE
);

CREATE TABLE FILME_GENERO(
	ID INT PRIMARY KEY NOT NULL,
	FILMEID INT,
	GENEROID INT,
	FOREIGN KEY(FILMEID) REFERENCES FILME(ID),
	FOREIGN KEY(GENEROID) REFERENCES GENERO(ID)
);

CREATE TABLE FILME_ATOR(
	ID INT PRIMARY KEY NOT NULL,
	FILMEID INT,
	ATORID INT,
	PAPEL VARCHAR(100),
	FOREIGN KEY(FILMEID) REFERENCES FILME(ID),
	FOREIGN KEY(ATORID) REFERENCES ATOR(ID)
);

INSERT INTO FILME VALUES (1, 'A Origem', 2010, 148, '14' );
INSERT INTO FILME VALUES (2,'Matrix', 1999, 136, '16'); 
INSERT INTO FILME VALUES (3,'O Senhor dos anèis', 2001, 178, '12');
INSERT INTO FILME VALUES (4,'Titanic', 1997, 195, '12');
INSERT INTO FILME VALUES (5,'toy Story', 1995, 81, 'L');

INSERT INTO GENERO VALUES (1, 'AÇÃO');
INSERT INTO GENERO VALUES (2, 'FICÇÃO CIENTIFICA');
INSERT INTO GENERO VALUES (3, 'AVENTURA');
INSERT INTO GENERO VALUES (4, 'ROMANCE');
INSERT INTO GENERO VALUES (5, 'ANIMAÇÃO');

INSERT INTO ATOR VALUES (1, 'Leonardo DiCaprio', 'Estados Unidos', '1974-11-11' );
INSERT INTO ATOR VALUES(2, 'Keanu Reeves', 'Canadá', '1964-09-02');
INSERT INTO ATOR VALUES(3, 'Tom Hanks', 'Estados Unidos', '1956-07-09');
INSERT INTO ATOR VALUES(4, 'Eliajah Wood', 'Estados Unidos', '1981-01-28');
INSERT INTO ATOR VALUES(5, 'Joseph Gordon-Levitt','Estados Unidos', '1981-02-17');

INSERT INTO FILME_GENERO VALUES(1, 1 , 1); -- A Origem - Ação
INSERT INTO FILME_GENERO VALUES(2, 1, 2); --A Origem - Ficção Cientifica
INSERT INTO FILME_GENERO VALUES(3,2,1); --Matrix - Ação
INSERT INTO FILME_GENERO VALUES(4,2,2); --Matrix - Ficção Cientifica
INSERT INTO FILME_GENERO VALUES(5,3,3); -- O Senhor dos Anéis - Aventura 
INSERT INTO FILME_GENERO VALUES(6, 4, 4); -- Titanic -Romance
INSERT INTO FILME_GENERO VALUES(7, 5, 5); -- Toy Story - Animação

INSERT INTO FILME_ATOR VALUES(1,1,5, 'Arthur'); 
INSERT INTO FILME_ATOR VALUES(2,1,1, 'Cobb');
INSERT INTO FILME_ATOR VALUES(3,2,2, 'Neo');
INSERT INTO FILME_ATOR VALUES(4,3,4, 'Frodo'); 
INSERT INTO FILME_ATOR VALUES(5,4,1, 'Jack Dawson'); 
INSERT INTO FILME_ATOR VALUES(6,5,3, 'Woody');

SELECT * FROM FILME;
SELECT * FROM GENERO; 
SELECT * FROM ATOR; 
SELECT * FROM FILME_GENERO
SELECT * FROM FILME_ATOR
